{"cameraMode":{"drawMode":0,"name":"Shaded","section":"Shading Mode"},"sceneLighting":true,"audioPlay":false,"sceneViewState":{"showFog":true,"showMaterialUpdate":false,"showSkybox":true,"showFlares":true,"showImageEffects":true,"showParticleSystems":true},"in2DMode":false,"pivot":{"x":31.127586364746095,"y":-1.4058189392089844,"z":-17.711532592773439},"rotation":{"x":-0.047659844160079959,"y":-0.9070588946342468,"z":0.1068975180387497,"w":-0.40440768003463747},"size":80.23279571533203,"orthographic":false}